{
  "mode": "object",
  "items": 5000000,
  "batch": 50000,
  "fields": 3,
  "string_constraints": false,
  "number_constraints": false,
  "regex": false,
  "invalid_rate": 0.0,
  "parser_name": "orjson",
  "dict_time": 1.2865690420148894,
  "dict_mem": 0.00012874603271484375,
  "dict_ips": 3886305.2325349944,
  "json_loads_time": 1.912648374971468,
  "json_loads_mem": 21.522851943969727,
  "json_loads_ips": 2614176.272768688,
  "json_time": 4.111652249994222,
  "json_mem": 0.3819913864135742,
  "json_ips": 1216056.1487190523,
  "json_stream_time": 1.591313540993724,
  "json_stream_mem": 0.38161373138427734,
  "json_stream_ips": 3142058.3506614673,
  "compare_libs": true,
  "pydantic_time": 6.208827374968678,
  "pydantic_mem": 0.3860034942626953,
  "pydantic_ips": 805305.043615458,
  "msgspec_time": 0.7227350000175647,
  "msgspec_mem": 0.38168907165527344,
  "msgspec_ips": 6918165.025740394
}