{
  "mode": "object",
  "items": 5000000,
  "batch": 50000,
  "fields": 3,
  "string_constraints": false,
  "number_constraints": false,
  "regex": false,
  "invalid_rate": 0.0,
  "parser_name": "orjson",
  "dict_time": 0.724668292037677,
  "dict_mem": 0.5898895263671875,
  "dict_ips": 6899708.535529576,
  "json_loads_time": 1.8855392909608781,
  "json_loads_mem": 21.522851943969727,
  "json_loads_ips": 2651761.2356155044,
  "json_time": 4.279085667047184,
  "json_mem": 0.3819913864135742,
  "json_ips": 1168473.9192076724,
  "json_stream_time": 1.5872302079806104,
  "json_stream_mem": 0.38161373138427734,
  "json_stream_ips": 3150141.6586327218,
  "compare_libs": true,
  "pydantic_time": 6.100316042022314,
  "pydantic_mem": 0.3860034942626953,
  "pydantic_ips": 819629.6659971819,
  "msgspec_time": 0.6738935420289636,
  "msgspec_mem": 0.38168907165527344,
  "msgspec_ips": 7419569.543500838
}